{"5eWELgxvZXQq4lDOlu8Ydg==":"samsatsutrago.png","HnSgmxi597fd7s94KtDvOw==":"home-banner.jpg","Jv75NFkbcueU9h3m2bggnw==":"banner-apps.png","TSD0GSHxFsCIWkUGF+lfOA==":"samsat-2.jpeg","sZHK5ViYq+96yoQPW2Scqw==":"samsat-itc.jpeg","AQ1fvPvxbQWKSqRzDF1IiA==":"samsat-taman-budaya.jpeg","5KQiqDUxVU5bfS9NnRKggw==":"samsat01.jpeg","TUiXwfDmFT2KUYKoNnCvOQ==":"samsat01-1.jpeg","TcKmsyyPiLU1m96zqhS9JQ==":"alfamart-logo-baru.png","lnfI/l5VAynx1hPFSARYFA==":"tokopedia-apa-itu-startup-pengertian-cara-memulai-dan-1.png","3g722SobGh0jNrIMGicPgA==":"indomaret-logo-free-vector-download-svg.jpg","ZYjPRIOqGhkOb4a+cPAyrw==":"download-1.png","tVbVrbHToH8NBCwAvuBKTA==":"download-2.png","MVqT+XwT3yfKiLbEBEN7Zw==":"download-3.png","KHUc7fEvtS0JjcebLbzlUg==":"logo-link-aja.png","Y5mQmyDeBGuAYaeQD6Jiww==":"kendaraan.jpg","a5Aqms3o/UZHxav2f42SFw==":"lapor.jpg","2SpGhuelJLZOCjlGgzarFA==":"gas.jpg","/tsjQnIpemjoYWlgxbcELQ==":"car-tax.jpg","SiJhcDdsT+PDVuNFkhE9zg==":"retribusi.jpg","AnjG/VKsY9XY2RU19ugwew==":"car-air.jpg","J2xZHH2t7Ql2uq9C97AUFA==":"download-google-play.png"}